24,BaNbO(IO3)5,EXP,3.65,GGA,1064.0,0.0,FIT,1064,5.46
99,Na4(GeSe4)(H2O)14,GGA,2.613,GGA,1064.0,0.0,GGA,0,3.275
1725,K(B(SO3Cl)4),GGA,5.179,GGA,1064.03,0.0,GGA,0,1.104
1973,(Na(H2O))2(B5O8(OH)),GGA,4.998,GGA,1064.03,0.0,GGA,0,0.9615
4225,Mg5(BO3)3F,GGA,5.35,GGA,1064.03,0.0,GGA,0,0.155
4481,K3B5O8(OH)2,GGA,5.046,GGA,1064.03,0.0,GGA,0,0.414
4493,Pb3(OH)(B9O16)(B(OH)3),GGA,4.108,GGA,1064.03,0.0,GGA,0,9.534
5244,Ca2SiB2O7,GGA,5.514,GGA,1064.03,0.0,GGA,0,0.5975
6292,K(B5O6(OH)4)(H2O)2,GGA,5.761,GGA,1064.03,0.0,GGA,0,0.6585
10380,KTaGe3O9,GGA,3.609,GGA,1064.03,0.0,GGA,0,1.981
10381,RbTaGe3O9,GGA,3.577,GGA,1064.03,0.0,GGA,0,1.6005
10382,RbNbGe3O9,GGA,2.854,GGA,1064.03,1.0,GGA,0,2.528
10383,TlTaGe3O9,GGA,3.86,GGA,1064.03,0.0,GGA,0,0.7075
10384,BaSnGe3O9,GGA,3.242,GGA,1064.03,0.0,GGA,0,0.255
10443,K(B(SO3Cl)4),GGA,4.374,GGA,1064.03,0.0,GGA,0,0.96
14174,Ba2ZnGe2S6O,GGA,2.396,GGA,1064.03,1.0,GGA,0,7.678
15564,NaIO3,HSE06,5.0,GGA,1064.0,1.0,,,
15674,BaGeGe3O9,GGA,3.357,GGA,1064.03,0.0,GGA,0,0.514
16178,K(Be2(BO3)F2),GGA,6.216,GGA,1064.03,0.0,GGA,0,1.178
18001,Ca2(B5O9Br),GGA,5.542,GGA,1064.03,0.0,GGA,0,1.198
19014,Pb5Ge3O11,GGA,2.549,GGA,1064.0,0.0,GGA,0,1.952
19024,Li2CaGeO4,GGA,4.366,GGA,1064.03,0.0,GGA,0,1.697
20031,Li2CdGeO4,GGA,2.902,GGA,1064.03,0.0,GGA,0,1.4425
20155,Li3(B5O8(OH)2),GGA,6.453,GGA,1064.03,0.0,GGA,0,0
20662,Mg(B2O(OH)6),GGA,5.649,GGA,1064.03,0.0,GGA,0,0.173
22009,Mg3(B7O13Cl),GGA,6.112,GGA,1064.03,0.0,GGA,0,0.776
23240,CaB2O4,GGA,5.665,GGA,1064.03,0.0,GGA,0,0.511
23781,Na2(GeO3),GGA,3.059,GGA,1064.03,0.0,GGA,0,0.982
23925,Ba(GeO3),GGA,3.779,GGA,1064.03,0.0,GGA,0,0.626
25815,Cs2O(B2O3)3,GGA,5.299,GGA,1064.03,0.0,GGA,0,1.5135
26203,BaB8O13,GGA,4.017,GGA,1064.03,0.0,GGA,0,0
27103,Ge3Zn2O8,GGA,2.295,GGA,1064.03,0.0,GGA,0,0
27647,CaAlBO4,GGA,4.861,GGA,1064.03,0.0,GGA,0,0.8565
27929,KIO2F2,HSE06,5.79,GGA,1064.0,0.0,GGA,0,1.27
28178,Li2Ge2O5,GGA,3.211,GGA,1064.03,0.0,GGA,0,2.4635
28213,NaY(GeO4),GGA,3.918,GGA,1064.03,0.0,GGA,0,0.043
28427,Ca(B3O4(OH)3)(H2O),GGA,4.615,GGA,1064.03,0.0,GGA,0,0.1565
28603,Sr(GeO3),GGA,3.078,GGA,1064.03,1.0,GGA,0,1.4385
29263,Zr3GeO8,HSE06,5.78,GGA,1064.0,1.0,GGA,0,7.4515
29406,RbB5O6(OH)4(H2O)2,GGA,5.997,GGA,1064.03,0.0,GGA,0,0.1755
30320,Sr(H2GeO4),GGA,4.389,GGA,1064.03,0.0,GGA,0,0.876
30674,BaY6(Si3B6O24)F2,GGA,5.132,GGA,1064.03,0.0,GGA,0,2.505
30910,NaKGeO3,GGA,3.142,GGA,1064.03,0.0,GGA,0,1.2325
34256,Li(BO2),GGA,7.439,GGA,1064.03,0.0,GGA,0,0.941
34361,Li4Ge9O20,GGA,3.334,GGA,1064.03,0.0,GGA,0,1.609
34362,Li2ZnGeO4,GGA,3.208,GGA,1064.03,0.0,GGA,0,1.718
34580,K6Al4Si6BH4O24Cl,GGA,4.946,GGA,1064.03,0.0,GGA,0,0.0345
34648,K2(B4O5(OH)4)(H2O)2,GGA,3.685,GGA,1064.03,0.0,GGA,0,0.997
34700,K2(B5O8(OH))(H2O)2,GGA,4.284,GGA,1064.03,0.0,GGA,0,0.8035
35237,Na3B5O9H2O,GGA,4.617,GGA,1064.03,0.0,GGA,0,0.4715
36404,Tl(BO2),GGA,2.961,GGA,1064.03,1.0,GGA,0,4.0475
36431,Li3(B5O8(OH)2),GGA,4.499,GGA,1064.03,0.0,GGA,0,0.249
38029,(Al2O3)10(B2O3)2,GGA,4.996,GGA,1064.03,0.0,GGA,0,0.374
38206,Li2O(B2O3)3,GGA,6.596,GGA,1064.03,0.0,GGA,0,1.289
39117,La2Ge(Be2O7),GGA,4.928,GGA,1064.03,0.0,GGA,0,0.203
39122,Y2Ge(Be2O7),GGA,5.125,GGA,1064.03,0.0,GGA,0,0.011
39133,Ba2Ge2TiO8,GGA,3.75,GGA,1064.03,1.0,GGA,0,11.3995
39262,La(BGeO5),GGA,4.478,GGA,1064.03,1.0,GGA,0,2.204
39459,NaBSiO4,GGA,5.705,GGA,1064.03,0.0,GGA,0,0.26
39463,KSbO(GeO4),GGA,3.897,GGA,1064.03,0.0,GGA,0,0.1855
39585,KTaO(GeO4),GGA,4.244,GGA,1064.03,0.0,GGA,0,1.1605
39586,RbSbO(GeO4),GGA,3.844,GGA,1064.03,0.0,GGA,0,0.1805
39611,Bi12GeO20,GGA,2.917,GGA,1064.03,0.0,GGA,0,3.523
39637,KCa4(B22O32)(OH)10Cl(H2O)4,GGA,4.975,GGA,1064.03,0.0,GGA,0,0.9025
39735,KGeOPO4,GGA,3.591,GGA,1064.03,0.0,GGA,0,0.3935
39788,NaSbO(GeO4),GGA,3.922,GGA,1064.03,0.0,GGA,0,0.336
41319,Sr5Br(BO3)3,GGA,3.617,GGA,1064.03,0.0,GGA,0,0.8075
49685,Bi2GeO5,GGA,2.648,GGA,1064.03,0.0,GGA,0,3.388
50039,K2Ga2O(BO3)2,GGA,3.965,GGA,1064.03,0.0,GGA,0,0.7225
50875,Ba(BPO5),GGA,5.95,GGA,1064.03,0.0,GGA,0,0.1015
51912,SrGa(BO4),GGA,3.158,GGA,1064.03,0.0,GGA,0,0.689
54759,Sr3Y2(BO3)4,GGA,2.471,GGA,1064.03,1.0,GGA,0,1.125
59277,K2Sr(B4O5(OH)4)2(H2O)10,GGA,4.083,GGA,1064.03,0.0,GGA,0,0.141
60651,K6(Ge2O7),GGA,2.762,GGA,1064.03,0.0,GGA,0,0.7855
60949,K2LiBO3,GGA,3.478,GGA,1064.03,0.0,GGA,0,1.195
62488,Bi2(GeO5),GGA,2.637,GGA,1064.03,0.0,GGA,0,2.717
62650,Na4K2(Ge2O7),GGA,2.837,GGA,1064.03,0.0,GGA,0,0.696
65175,Li8O2(GeO4),GGA,3.719,GGA,1064.0,0.0,GGA,0,1.579
65664,Na8(Al6Ge6O24)Cl2,GGA,4.236,GGA,1064.03,0.0,GGA,0,1.13
65665,Na8(Al6Ge6O24)Br2,GGA,4.168,GGA,1064.03,0.0,GGA,0,1.1
65666,Na8(Al6Ge6O24)I2,GGA,3.857,GGA,1064.03,0.0,GGA,0,1.05
65740,K2Zn(Ge2O6),GGA,2.811,GGA,1064.03,0.0,GGA,0,1.5135
65763,Ca5F(BO3)3,GGA,4.648,GGA,1064.03,0.0,GGA,0,1.5445
68431,Bi24Ge2O40,GGA,2.933,GGA,1064.03,0.0,GGA,0,3.3605
69018,K2GeZnO4,GGA,2.721,GGA,1064.03,0.0,GGA,0,0.8565
69319,Ba(B2O4),GGA,5.078,GGA,1064.03,1.0,GGA,0,3.347
69387,Ca2Zn(Ge2O7),GGA,3.419,GGA,1064.03,0.0,GGA,0,0.3875
69537,Ca5(BO3)3F,GGA,4.53,GGA,1064.03,0.0,GGA,0,1.3615
71871,Sr5Cl(BO3)3,GGA,4.315,GGA,1064.03,0.0,GGA,0,0.77
71933,Rb(SbO)(GeO4),GGA,3.846,GGA,1064.03,0.0,GGA,0,0.1735
72098,Li3(AlGeO5),GGA,4.331,GGA,1064.03,0.0,GGA,0,0.687
72101,Li3(GaGeO5),GGA,3.417,GGA,1064.03,0.0,GGA,0,1.224
73550,K6(Ge2O7),GGA,2.882,GGA,1064.03,0.0,GGA,0,0.5415
73613,RbGe(IO6),GGA,3.457,GGA,1064.03,0.0,GGA,0,0.873
75340,Ba3Sc(BO3)3,GGA,3.856,GGA,1064.03,1.0,GGA,0,0.5005
75594,NaBe2(BO3)F2,GGA,6.284,GGA,1064.03,0.0,GGA,0,0.985
77277,KBe2(BO3)F2,GGA,6.158,GGA,1064.03,0.0,GGA,0,0.935
77518,Ca(BPO5),GGA,5.252,GGA,1064.03,0.0,GGA,0,0.0805
77519,Sr(BPO5),GGA,5.697,GGA,1064.03,0.0,GGA,0,0.1095
79025,Sr2(Be2B2O7),GGA,3.436,GGA,1064.03,0.0,GGA,0,1.457
82393,Sr(Ge4O9),GGA,3.39,GGA,1064.03,0.0,GGA,0,0.4125
83345,Sr2(GeO4),GGA,3.814,GGA,1064.03,0.0,GGA,0,0.1405
83734,Ba(Ge4O9),GGA,3.359,GGA,1064.03,0.0,GGA,0,0.52
84855,Tl(B3O5),GGA,4.202,GGA,1064.03,0.0,GGA,0,4.926
85006,K2Zn(GeO4),GGA,2.723,GGA,1064.03,0.0,GGA,0,0.862
85349,Na8(AlGeO4)6I2,GGA,3.861,GGA,1064.03,0.0,GGA,0,1.057
86152,LiNa(Ge4O9),GGA,3.037,GGA,1064.03,0.0,GGA,0,0.1735
87990,Li8(AlGeO4)6Cl2,GGA,3.839,GGA,1064.03,0.0,GGA,0,1.28
87991,Li8(AlGeO4)6Br2,GGA,3.776,GGA,1064.03,0.0,GGA,0,1.218
87992,Li8(AlGeO4)6I2,GGA,3.424,GGA,1064.03,0.0,GGA,0,1.3505
88790,Sr(GeTeO6),GGA,3.631,GGA,1064.03,0.0,GGA,0,1.1605
89423,Sr(Al2B2O7),GGA,4.166,GGA,1064.03,0.0,GGA,0,1.858
90001,(NH4)(B5O6(OH)4)(H2O)2,GGA,5.902,GGA,1064.03,0.0,GGA,0,0.225
90459,AgCd2GaS4,EXP,2.15,GGA,1064.0,1.0,GGA,0,1
90849,Li4(B4Si8O24),GGA,5.943,GGA,1064.03,0.0,GGA,0,0.042
91540,CaSr(B5O9)Cl(H2O),GGA,4.9,GGA,1064.03,0.0,GGA,0,1.5815
91545,Rb(B3O5),GGA,5.219,GGA,1064.03,0.0,GGA,0,1.563
92822,NaB(SiO4),GGA,5.778,GGA,1064.03,0.0,GGA,0,0.0585
93013,BaLi(B9O15),EXP,5.17,GGA,1064.0,0.0,EXP,0;1064,0.47;1.21
93014,BaNa(B9O15),GGA,5.428,GGA,1064.03,0.0,GGA,0,0.317
93015,SrLi(B9O15),GGA,5.904,GGA,1064.03,0.0,GGA,0,0.0725
93390,CaGa(BO3)O,GGA,3.59,GGA,1064.03,0.0,GGA,0,2.404
93598,Pb(BPO5),GGA,4.375,GGA,1064.03,0.0,GGA,0,0.2905
93601,LiK(B4O7),GGA,5.212,GGA,1064.03,0.0,GGA,0,0.7935
94334,Bi2(GeO5),GGA,2.635,GGA,1064.03,0.0,GGA,0,3.248
95784,Zn3(PS4)2,EXP,3.12,GGA,1064.0,0.0,GGA,0,16.3
97016,La2MgGeO6,GGA,5.132,GGA,1064.03,1.0,GGA,0,0.015
97512,Cs(B9O14),GGA,5.763,GGA,1064.03,0.0,GGA,0,0.064
97675,Sr(BPO5),GGA,5.592,GGA,1064.03,0.0,GGA,0,0.0105
97761,Ba3Y(BO3)3,GGA,4.187,GGA,1064.03,1.0,GGA,0,0.315
99793,Cs2O(B2O3)9,GGA,5.63,GGA,1064.03,0.0,GGA,0,0.0555
99842,Ba(BPO5),GGA,5.707,GGA,1064.03,0.0,GGA,0,0.1585
100015,Y(BO3),GGA,5.102,GGA,1064.03,0.0,GGA,0,0.002
100080,Cd2Ge7O16,GGA,2.608,GGA,1064.03,0.0,GGA,0,0.8155
100203,K4BaGe3O9,GGA,3.196,GGA,1064.03,0.0,GGA,0,0.8675
100275,Pb3O(GeO4),HSE06,3.0,GGA,1064.0,1.0,GGA,0,7.262
100403,Li2(GeO3),GGA,3.834,GGA,1064.03,0.0,GGA,0,1.5665
150328,Ba3(BO3)(PO4),GGA,1.837,GGA,1064.03,0.0,GGA,0,0.6355
154105,BaBi(BO3)O,GGA,3.575,GGA,1064.03,1.0,GGA,0,0.5955
161260,Mg10(Ge3O14(OH)4),GGA,4.027,GGA,1064.03,0.0,GGA,0,0.008
164855,CsBe2(BO3)F2,GGA,6.021,GGA,1064.03,0.0,GGA,0,0.9275
166629,Na4Sc2(Ge4O13),GGA,3.506,GGA,1064.03,0.0,GGA,0,0.296
167112,Na(B(OH)4),GGA,5.947,GGA,1064.03,0.0,GGA,0,0.0375
170949,NH4(BPO4F),GGA,6.299,GGA,1064.03,0.0,GGA,0,0.4725
171421,NaCa4(BO3)3,GGA,4.016,GGA,1064.03,0.0,GGA,0,1.558
171422,KCa4(BO3)3,GGA,4.396,GGA,1064.03,0.0,GGA,0,1.507
172400,K3(B6O10)Br,GGA,5.227,GGA,1064.03,0.0,GGA,0,1.7955
172402,Sr6B(PO4)5,GGA,4.965,GGA,1064.03,0.0,GGA,0,0.191
172480,Bi(B4O6(OH)2)(OH),GGA,4.192,GGA,1064.03,1.0,GGA,0,0.908
172481,BiB2O4F,GGA,3.979,GGA,1064.03,0.0,GGA,0,15.9655
174101,Li2Ge7O15,GGA,3.208,GGA,1064.03,0.0,GGA,0,0.5585
174336,KMg(BO3),GGA,4.52,GGA,1064.03,0.0,GGA,0,0.471
180730,Li3Cs2(B5O10),GGA,4.709,GGA,1064.03,0.0,GGA,0,0.008
183434,Li6Rb5(B11O22),GGA,4.447,GGA,1064.03,0.0,GGA,0,0.3025
183637,Pb4O(BO3)2,GGA,2.692,GGA,1064.03,0.0,GGA,0,2.959
183885,NaCaBe2(BO3)2F,GGA,5.277,GGA,1064.03,0.0,GGA,0,0.443
184715,Ba3(B6O11F2),GGA,5.491,GGA,1064.03,0.0,GGA,0,1.619
185673,Pb(B4O7),GGA,4.475,GGA,1064.03,0.0,GGA,0,4.6445
186900,LiNa(B4O7),GGA,6.133,GGA,1064.03,0.0,GGA,0,0.26
187060,Li5Rb2(B7O14),GGA,4.625,GGA,1064.03,0.0,GGA,0,0.879
187082,YAl3(BO3)4,GGA,5.487,GGA,1064.03,1.0,GGA,0,2.6445
187776,KCa4(B22O32(OH)10Cl)(H2O)4,GGA,4.688,GGA,1064.03,0.0,GGA,0,0.95
190681,Ca2(B2O5),GGA,5.13,GGA,1064.03,0.0,GGA,0,0.1655
193973,Mg3(B7O13Cl),GGA,5.898,GGA,1064.03,0.0,GGA,0,0.7845
194046,YBe2(B5O11),GGA,5.721,GGA,1064.03,0.0,GGA,0,1.226
194193,Bi2Te(IO3)O5Cl,EXP,3.6,GGA,1060.0,1.0,EXP,1060,1.17
194200, Ba3P3O10Cl,EXP,6.89,GGA,1064.0,0.0,GGA,0,0.5469
194201,Ba3P3O10Br,GGA,5.26,GGA,1064.0,0.0,GGA,0,0.458
195590,Pb2Ba3(BO3)3Br,GGA,3.498,GGA,1064.03,0.0,GGA,0,2.4725
200063,Pb5(GeO4)(Ge2O7),GGA,2.575,GGA,1064.03,0.0,GGA,0,2.0075
200146,K6Nb6Ge4O26,GGA,2.11,GGA,1064.03,1.0,GGA,0,1.853
200517,Pb3(GeO5),GGA,2.163,GGA,1064.03,0.0,GGA,0,22.5845
200603,Ca2Ge7O16,GGA,3.224,GGA,1064.03,0.0,GGA,0,0.6945
200614,CaGe2O5,GGA,2.88,GGA,1064.03,0.0,GGA,0,0.02
201356,Bi4(GeO4)3,GGA,3.894,GGA,1064.03,0.0,GGA,0,1.2285
202606,La2Ge2O7,GGA,4.013,GGA,1064.03,0.0,GGA,0,1.6755
203201,(PbO)(B2O3)2,GGA,4.447,GGA,1064.03,0.0,GGA,0,4.726
237764,Na2Be4B4O11,GGA,5.165,GGA,1064.03,0.0,GGA,0,1.062
238073,KSbB2O6,GGA,3.627,GGA,1064.03,1.0,GGA,0,1.3765
238604,Pb2Ba3(BO3)3Cl,GGA,3.569,GGA,1064.03,0.0,GGA,0,2.358
239001,NaCa4B3O9,GGA,4.092,GGA,1064.03,0.0,GGA,0,0.8855
239629,Li3Cs2Pb2B3P6O24,GGA,5.16,GGA,1064.03,0.0,GGA,0,0.019
239630,Li3Cs2Sr2B3P6O24,GGA,6.141,GGA,1064.03,0.0,GGA,0,0.06
239790,(Pb4O)Pb2B6O14,GGA,2.923,GGA,1064.03,1.0,GGA,0,5.6525
240922,Na(Ge4(PO4)3),GGA,4.344,GGA,1064.03,0.0,GGA,0,1.2135
240989,Y2(Ge2O7),GGA,4.111,GGA,1064.03,0.0,GGA,0,0
241126,Rb3Y2(BO3)3,GGA,4.181,GGA,1064.03,0.0,GGA,0,0.308
242177,BaBe2BO3F3,GGA,6.629,GGA,1064.03,0.0,GGA,0,0.054
243551,Sr2MnGe2S6O,MBJ,2.4,GGA,1064.03,0.0,,,
243552,Sr2ZnGe2S6O,GGA,2.469,GGA,1064.03,1.0,GGA,0,2.8665
243671,RbB2SbO6,GGA,3.568,GGA,1064.03,1.0,GGA,0,1.358
243885,Ba12LiF4(BO3)7,GGA,3.891,GGA,1064.03,0.0,GGA,0,1.3685
243887,Ba12NaF4(BO3)7,GGA,3.339,GGA,1064.03,0.0,GGA,0,1.4315
244133,Na4CsB2P3O13,GGA,5.184,GGA,1064.03,0.0,GGA,0,0.0195
244134,Na4RbB2P3O13,GGA,5.058,GGA,1064.03,0.0,GGA,0,0.0435
244334,K7PbBi2(B5O10)3,GGA,2.79,GGA,1064.03,0.0,GGA,0,2.3865
244340,K7BaY2(B5O10)3,GGA,4.45,GGA,1064.03,0.0,GGA,0,1.3355
244341,K7SrBi2(B5O10)3,GGA,3.617,GGA,1064.03,0.0,GGA,0,2.0795
244343,K7CaY2(B5O10)3,GGA,4.475,GGA,1064.03,0.0,GGA,0,1.142
244344,K7SrY2(B5O10)3,GGA,4.511,GGA,1064.03,0.0,GGA,0,1.2645
244721,(Ca2B5O9)(H(OH)2),GGA,5.82,GGA,1064.03,0.0,GGA,0,1.242
245016,CaBi2B2O7,GGA,3.236,GGA,1064.03,1.0,GGA,0,0.4705
245017,Sr(Bi2O)(BO3)2,GGA,2.678,GGA,1064.03,1.0,GGA,0,2.805
245774,Pb2(B5O9)Br,GGA,3.671,GGA,1064.03,1.0,GGA,0,6.0175
246037,Sr2(B5O9)Cl,GGA,5.634,GGA,1064.03,0.0,GGA,0,1.1225
247622,CsBe2BO3F2,GGA,6.216,GGA,1064.03,0.0,GGA,0,0.872
247762,K3Y(B3O6)2,GGA,4.137,GGA,1064.03,0.0,GGA,0,1.212
248147,Sr(B4O7),GGA,5.491,GGA,1064.03,0.0,GGA,0,1.0015
248201,NaBeB3O6,GGA,5.58,GGA,1064.03,1.0,GGA,0,1.6805
248203,KBe2B3O7,GGA,5.115,GGA,1064.03,0.0,GGA,0,0.8025
248204,K3Be6(B3O7)3,GGA,5.031,GGA,1064.03,1.0,GGA,0,0.7195
248205,RbBe2B3O7,GGA,4.972,GGA,1064.03,0.0,GGA,0,0.8585
248309,Li2Ge4O9,GGA,3.131,GGA,1064.03,0.0,GGA,0,0.2025
249135,Ba3(B3O6)2,GGA,5.092,GGA,1064.03,1.0,GGA,0,3.308
249322,Ca2Ge7O16,GGA,3.223,GGA,1064.03,0.0,GGA,0,0.6865
249471,K2(Ga(B5O10))(H2O)4,GGA,4.783,GGA,1064.03,0.0,GGA,0,0.2035
249876,Na2B5O8(OH)(H2O)2,GGA,5.074,GGA,1064.03,0.0,GGA,0,1.009
250123,Pb3Ga2Ge4O14,HSE06,3.04,GGA,1064.0,0.0,GGA,0,6.416
250124,Ba3Ga2Ge4O14,GGA,2.505,GGA,1064.03,0.0,GGA,0,1.9745
250160,La3SbZn3Ge2O14,GGA,3.252,GGA,1064.03,0.0,GGA,0,2.777
250215,CaLi4(B5O8(OH)2)2,GGA,5.372,GGA,1064.03,0.0,GGA,0,0.3945
250321,Ba5(BO3)2(B2O5),GGA,3.742,GGA,1064.03,0.0,GGA,0,0.021
250323,Ca(B8O11(OH)4),GGA,5.666,GGA,1064.03,1.0,GGA,0,0.904
250446,Sr4(B14O25),GGA,4.735,GGA,1064.03,0.0,GGA,0,0.6975
250553,Sr4B10O18(OH)2(H2O)2,GGA,5.319,GGA,1064.03,0.0,GGA,0,1.107
250566,Pb3B6O11F2,GGA,2.354,GGA,1064.03,1.0,GGA,0,7.3065
250600,RbMgBO3,GGA,4.61,GGA,1064.03,0.0,GGA,0,0.4635
250666,Rb2Ga(B5O10)(H2O)4,GGA,4.739,GGA,1064.03,0.0,GGA,0,0.451
250860,Li3Ca9(BO3)7(LiF)2,GGA,4.463,GGA,1064.03,0.0,GGA,0,0.842
251537,Na3B6O10Cl,GGA,5.35,GGA,1064.03,0.0,GGA,0,0.034
251539,RbNa2B6O10Cl,GGA,5.234,GGA,1064.03,0.0,GGA,0,0.072
251863,Li5Cs2B7O14,GGA,4.376,GGA,1064.03,0.0,GGA,0,0.9455
252381,CaB3O5(OH),GGA,6.088,GGA,1064.03,0.0,GGA,0,1.0115
252464,Ca3ZnGeO2(Ge4O12),GGA,2.898,GGA,1064.03,0.0,GGA,0,2.81
253012,K3B3O4(OH)4(H2O)2,GGA,4.184,GGA,1064.03,0.0,GGA,0,0.621
253356,Li3Cs2Ba2B3P6O24,GGA,6.018,GGA,1064.03,0.0,GGA,0,0.02
253442,Bi3TeBO9,GGA,3.21,GGA,1064.03,0.0,GGA,0,6.069
253695,RbCaBO3,GGA,3.935,GGA,1064.03,0.0,GGA,0,1.0535
253696,CsCaBO3,GGA,4.185,GGA,1064.03,0.0,GGA,0,0.975
254160,NH4B4O6F,EXP,7.9,GGA,1064.0,1.0,GGA,0,1.19
254192,CdGeTeO6,GGA,2.737,GGA,1064.03,0.0,FIT,0;1064,1.2;0.0819
254193,PbGeTeO6,GGA,2.944,GGA,1064.03,0.0,GGA,0,0.399
254205,K3Sr3Li2Al4B6O20F,GGA,4.3,GGA,1064.03,0.0,GGA,0,0.75
255442,Pb2BO3Br,GGA,3.52,GGA,1064.03,0.0,GGA,0,9.047
255455,CsIO2F2,HSE06,4.56,GGA,1064.0,0.0,GGA,0,2.847
255457,CsIO3,HSE06,3.32,GGA,1064.0,1.0,GGA,0,4.21
255766,K7PbY2B15O30,GGA,4.223,GGA,1064.03,0.0,GGA,0,1.4695
255774,CsSiB3O7,GGA,5.821,GGA,1064.03,0.0,GGA,0,1.094
255782,Ca2B10O14F6,GGA,7.221,GGA,1064.03,1.0,GGA,0,1.588
255783,Sr2B10O14F6,GGA,7.133,GGA,1064.03,1.0,GGA,0,1.476
257741,LiAlGeO4,GGA,4.271,GGA,1064.03,0.0,GGA,0,0.726
258333,Pb2BO3Cl,GGA,3.784,GGA,1064.03,0.0,GGA,0,8.0575
260113,CsB3GeO7,GGA,4.744,GGA,1064.03,0.0,GGA,0,1.8535
260114,K2(B2Ge3O10),GGA,3.901,GGA,1064.03,0.0,GGA,0,1.066
260309,(NH4)2Al(B5O10)(H2O)4,GGA,4.527,GGA,1064.03,0.0,GGA,0,0.612
260439,Rb(F2Be2BO3),GGA,6.108,GGA,1064.03,0.0,GGA,0,0.8915
260879,Na3(B3O4(OH)4),GGA,4.668,GGA,1064.03,0.0,GGA,0,0.261
260934,Pb2B5O9I,EXP,3.1,GGA,1064.03,1.0,GGA,0,16.6
261332,RbGeB3O7,GGA,5.072,GGA,1064.03,0.0,GGA,0,1.716
261333,Rb2GeB4O9,GGA,4.325,GGA,1064.03,0.0,GGA,0,1.5635
261334,Rb4Ge3B6O17,GGA,4.032,GGA,1064.03,0.0,GGA,0,0.8905
261420,Li4Cs3(B7O14),GGA,4.627,GGA,1064.03,0.0,GGA,0,0.442
261970,Ca10B6Ge16O51,GGA,3.706,GGA,1064.03,0.0,GGA,0,0.2635
261971,Cd12B8Ge17O58,GGA,2.588,GGA,1064.03,0.0,GGA,0,0.222
262003,Na2CsBe6B5O15,GGA,4.563,GGA,1064.03,0.0,GGA,0,1.0445
262005,K3(B6O10)Cl,GGA,5.306,GGA,1064.03,0.0,GGA,0,1.699
262502,Ba2(B6O9(OH)4),GGA,5.706,GGA,1064.03,0.0,GGA,0,2.004
262538,Sr3B6O11F2,GGA,5.817,GGA,1064.03,0.0,GGA,0,1.6675
262542,Ba3B6O11(OH)2,GGA,4.757,GGA,1064.03,0.0,GGA,0,1.11
262881,NaBa4Al2B8O18Cl3,GGA,4.615,GGA,1064.03,0.0,GGA,0,1.495
263469,SrB5O7F3,GGA,7.098,GGA,1064.03,1.0,GGA,0,1.4885
263515,Ca2B2SiO7,GGA,4.789,GGA,1064.03,0.0,GGA,0,0.6945
264388,CaB5O7F3,GGA,7.23,GGA,1064.03,1.0,GGA,0,1.5835
280089,Na2ZnGeO4,GGA,2.665,GGA,1064.03,0.0,GGA,0,3.328
280304,HBO2,GGA,7.079,GGA,1064.03,0.0,GGA,0,0.346
281258,K(BGe2O6),GGA,3.638,GGA,1064.03,0.0,GGA,0,1.1555
281271,Ba2(TiGe2O8),GGA,3.688,GGA,1064.03,1.0,GGA,0,11.4425
281322,H3(BO3),GGA,6.277,GGA,1064.03,1.0,GGA,0,0.3615
291589,NaBa4(GaB4O9)2Br3,GGA,3.406,GGA,1064.03,0.0,GGA,0,2.097
291596,K3Ba3Li2Al4B6O20F,GGA,4.207,GGA,1064.03,0.0,GGA,0,1.333
291599,RbIO3,HSE06,4.34,GGA,1064.0,0.0,GGA,0,1.95
291600,RbIO2F2,HSE06,5.73,GGA,1064.0,0.0,GGA,0,1.794
300010,Li2(B4O7),GGA,6.227,GGA,1064.03,0.0,GGA,0,0.1995
380488,KBSi2O6,GGA,5.552,GGA,1064.03,0.0,GGA,0,0.2515
401178,Na5(B2P3O13),GGA,5.212,GGA,1064.03,0.0,GGA,0,0.2355
404328,Pb(AsBO5),GGA,3.819,GGA,1064.03,0.0,GGA,0,1.2995
404329,Pb6(AsO4)(B(AsO4)4),GGA,0.935,GGA,1064.03,1.0,GGA,0,103.3985
404439,Ba(AsBO5),GGA,4.404,GGA,1064.03,0.0,GGA,0,0.29
409171,Ba(Al2B2O7),GGA,4.755,GGA,1064.03,0.0,GGA,0,1.5405
409420,K2Al2(BO3)2O,GGA,4.598,GGA,1064.03,0.0,GGA,0,0.531
409640,Ba2(B5O9)Cl,GGA,5.393,GGA,1064.03,0.0,GGA,0,1.189
409663,BaAl(BO3)F2,GGA,5.849,GGA,1064.03,0.0,GGA,0,1.547
412710,Ca(B4O7),GGA,6.626,GGA,1064.03,0.0,GGA,0,2.1575
416362,Bi2B8O15,GGA,4.465,GGA,1064.03,1.0,GGA,0,1.539
416822,BiB3O6,GGA,4.13,GGA,1064.03,0.0,GGA,0,6.9665
416956,LiNaB4O7,GGA,6.098,GGA,1064.03,0.0,GGA,0,0.2725
417919,CsBa(B3O6),GGA,4.178,GGA,1064.03,1.0,GGA,0,0.07
419312,Ba2Mg(Ge2O7),GGA,3.595,GGA,1064.03,0.0,GGA,0,0.19
420286,LiF(B6O9),GGA,6.602,GGA,1064.03,0.0,GGA,0,0.37
420517,(NH4)(BAsO4F),GGA,5.01,GGA,1064.03,0.0,GGA,0,1.9945
420521,Sr2Zn(Ge2O7),GGA,3.473,GGA,1064.03,0.0,GGA,0,0.6755
420522,Sr2Mg(Ge2O7),GGA,3.852,GGA,1064.03,0.0,GGA,0,0.0195
420550,Ba2Zn(Ge2O7),GGA,3.225,GGA,1064.03,0.0,GGA,0,0.9105
421141,BaAl(BO3)F2,GGA,6.345,GGA,1064.03,0.0,GGA,0,1.4905
421260,Y(B2O3(OH))3,GGA,6.247,GGA,1064.03,0.0,GGA,0,1.1625
421470,Sb4(GeO4)3,GGA,3.905,GGA,1064.03,0.0,GGA,0,1.749
422494,Na2(Ge(S2O7)3),GGA,4.312,GGA,1064.03,0.0,GGA,0,0.1595
422556,Ba5(BO3)3Cl,GGA,3.892,GGA,1064.03,0.0,GGA,0,0.831
422557,Ba5(BO3)3Br,GGA,3.965,GGA,1064.03,0.0,GGA,0,0.9945
423143,NaSr3Be3(BO3)3F4,GGA,4.922,GGA,1064.03,0.0,GGA,0,1.832
423429,Na2B4O7,GGA,5.631,GGA,1064.03,0.0,GGA,0,1.064
423435,Li2F2B6O9,GGA,6.449,GGA,1064.03,1.0,GGA,0,1.1025
423661,Li2B3O4F3,GGA,6.796,GGA,1064.03,0.0,GGA,0,0.1725
423711,Ba(Ge(S2O7)3),GGA,4.283,GGA,1064.03,0.0,GGA,0,0.0415
423814,KSr4(B3O9),GGA,4.167,GGA,1064.03,0.0,GGA,0,0.731
424027,K5(B(SO4)4),GGA,5.2,GGA,1064.03,0.0,GGA,0,0.048
425174,Li(B(SO4)2),GGA,6.816,GGA,1064.03,0.0,GGA,0,0.967
425175,Li(B(S2O7)2),GGA,5.992,GGA,1064.03,0.0,GGA,0,0.015
425176,Na5(B(SO4)4),GGA,5.44,GGA,1064.03,0.0,GGA,0,0.278
425177,Na5(B(SO4)4),GGA,5.525,GGA,1064.03,0.0,GGA,0,0.306
425548,KSr4(BO3)3,GGA,4.161,GGA,1064.03,0.0,GGA,0,0.854
426537,LiBaB9O15,GGA,5.715,GGA,1064.03,0.0,GGA,0,0.2095
426601,Mg(B6O9(OH)2)(H2O)4,GGA,5.312,GGA,1064.03,0.0,GGA,0,1.0675
426915,Ca2(B5O9)(OH)(H2O),GGA,5.353,GGA,1064.03,0.0,GGA,0,1.3175
427409,CsLi(B6O10),GGA,4.838,GGA,1064.03,0.0,GGA,0,1.304
427843,PbSrGeO4,GGA,3.651,GGA,1064.03,0.0,GGA,0,2.0235
428001,(NH4)(B(S2O7)2),GGA,5.943,GGA,1064.03,0.0,GGA,0,0.435
429369,PbBaGeO4,GGA,3.563,GGA,1064.03,0.0,GGA,0,1.1755
431106,Na(B5O7(OH)2)(H2O),GGA,6.081,GGA,1064.03,0.0,GGA,0,0.2685
431201,Ca12Ge17B8O58,GGA,3.648,GGA,1064.03,0.0,GGA,0,0.1755
431283,Bi3(TeO6)(BO3),GGA,3.15,GGA,1064.03,0.0,GGA,0,6.0395
431863,Rb2Al2B2O7,GGA,4.335,GGA,1064.03,0.0,GGA,0,0.452
431892,KB(PO4)F,GGA,6.315,GGA,1064.03,0.0,GGA,0,0.819
432664,(NH4)2(B2P3O11(OH)),GGA,6.1,GGA,1064.03,0.0,GGA,0,0.222
432814,Ca2(B5O8(OH))2(B(OH)3)(H2O),GGA,5.937,GGA,1064.03,0.0,GGA,0,0.159
432925,Li3K3Y7(BO3)9,GGA,4.594,GGA,1064.03,0.0,GGA,0,0.428
433331,K2BaB16O26,GGA,5.681,GGA,1064.03,0.0,GGA,0,0.081
433804,RbB4O6F,HSE06,7.73,GGA,1064.0,1.0,GGA,0,1.028
433805,CsKB8O12F2,HSE06,7.76,GGA,1064.0,1.0,GGA,0,1.028
